{
  "step_profits": [
    81.76192623376846,
    81.38525168597698,
    137.757660061121,
    78.05119500448927,
    97.83042642101645,
    120.86945220828056,
    76.0733291641809,
    99.72406654246151,
    121.48570314049721,
    75.94517434481531,
    94.72202845290303,
    123.63816514611244,
    78.47876544855535,
    94.40556430071592,
    120.18611058220267,
    80.42101775482297,
    95.4101673476398,
    120.17199136689305,
    80.4027813822031,
    101.5783580839634,
    119.41796668991446,
    80.35545078665018,
    92.51532286405563,
    123.29499930143356,
    78.76699380204082,
    94.01695740967989,
    123.22623014450073,
    78.62468693964183,
    97.68914318084717,
    119.76344942674041,
    80.44515689834952,
    95.49406416341662,
    119.99704150110483,
    80.40442963317037,
    95.14848245307803,
    126.18995556607842,
    77.44058627868071,
    97.02572989463806,
    119.51369047164917,
    77.59195041563362,
    98.68255186080933,
    120.20365564897656,
    77.51033528801054,
    101.177530746907,
    122.99551457166672,
    76.20525319967419,
    92.53722678869963,
    126.87498423829675,
    74.7711207778193,
    96.7855697274208,
    120.30552111938596,
    80.36962321028113,
    98.44907629489899,
    119.88741294667125,
    80.45501448586583,
    98.66247820854187,
    119.46914132684469,
    80.4608003795147,
    92.2820994257927,
    126.58812325820327,
    77.43647090252489,
    96.09030199050903,
    119.7841902114451,
    80.41072363778949,
    95.38772037625313,
    120.21365730464458,
    80.38332084938884,
    98.19393169879913,
    119.56180145591497,
    77.55651322100312,
    101.79815884307027,
    119.76395676657557,
    77.4642103118822,
    98.40646243095398,
    123.05066615343094,
    76.1752875354141,
    94.76342288404703,
    120.51910334452987,
    80.36882008984685,
    98.02915608882904,
    123.0284534394741,
    78.94660692289472,
    92.23593793809414,
    120.30690453574061,
    80.35181116312742,
    98.27811014652252,
    119.81112891063094,
    80.38163692504168,
    98.34319126605988,
    119.50644126534462,
    80.47909964993596,
    95.36981435120106,
    122.98786357045174,
    78.80301558412611,
    94.3678346388042,
    120.06105392798781,
    80.34984537214041,
    98.15047454833984,
    119.75528491660953,
    77.55368817597628
  ],
  "step_prices": [
    3.1446894705295563,
    3.1302019879221916,
    3.1308559104800224,
    2.691420517396182,
    2.877365482971072,
    3.021736305207014,
    2.817530709784478,
    3.0219414103776217,
    3.03714257851243,
    2.8127842349931598,
    3.055549304932356,
    3.090954128652811,
    2.8028130517341197,
    3.045340783894062,
    3.081695143133402,
    2.8721792055293918,
    3.0777473337948322,
    3.0813331119716167,
    2.8715279065072536,
    3.078132063150406,
    3.0619991458952427,
    2.8698375280946493,
    3.083844095468521,
    3.082374982535839,
    2.8131069215014577,
    3.0328050777316093,
    3.0806557536125183,
    2.808024533558637,
    3.052785724401474,
    3.0708576776087284,
    2.8730413177981973,
    3.080453682690859,
    3.076847217977047,
    2.8715867726132274,
    3.0693058855831623,
    3.0778037942945957,
    2.765735224238597,
    3.0320540592074394,
    3.064453601837158,
    2.8737759413197637,
    3.0838297456502914,
    3.0821450166404247,
    2.870753158815205,
    3.065985780209303,
    3.074887864291668,
    2.822416785173118,
    3.0845742262899876,
    3.0945118106901646,
    2.769300769548863,
    3.0245490539819,
    3.084756951779127,
    2.870343686081469,
    3.0765336342155933,
    3.074036229401827,
    2.8733933744952083,
    3.0832024440169334,
    3.063311316072941,
    2.873600013554096,
    3.0760699808597565,
    3.087515201419592,
    2.765588246518746,
    3.0028219372034073,
    3.0713894926011562,
    2.8718115584924817,
    3.0770232379436493,
    3.082401469349861,
    2.870832887478173,
    3.068560365587473,
    3.0656872168183327,
    2.872463452629745,
    3.0847926922142506,
    3.0708706863224506,
    2.8690448263660073,
    3.075201950967312,
    3.0762666538357735,
    2.8213069457560778,
    3.0568846091628075,
    3.0902334190905094,
    2.870315003208816,
    3.0634111277759075,
    3.0757113359868526,
    2.8195216758176684,
    3.074531264603138,
    3.084792423993349,
    2.869707541540265,
    3.071190942078829,
    3.0720802284777164,
    2.870772747322917,
    3.073224727064371,
    3.064267724752426,
    2.8742535589262843,
    3.076445624232292,
    3.0746965892612934,
    2.81439341371879,
    3.044123698025942,
    3.078488562256098,
    2.8696373347193003,
    3.06720232963562,
    3.070648331195116,
    2.8723588213324547
  ],
  "step_market_shares": [
    0.52,
    0.52,
    0.88,
    0.58,
    0.68,
    0.8,
    0.54,
    0.66,
    0.8,
    0.54,
    0.62,
    0.8,
    0.56,
    0.62,
    0.78,
    0.56,
    0.62,
    0.78,
    0.56,
    0.66,
    0.78,
    0.56,
    0.6,
    0.8,
    0.56,
    0.62,
    0.8,
    0.56,
    0.64,
    0.78,
    0.56,
    0.62,
    0.78,
    0.56,
    0.62,
    0.82,
    0.56,
    0.64,
    0.78,
    0.54,
    0.64,
    0.78,
    0.54,
    0.66,
    0.8,
    0.54,
    0.6,
    0.82,
    0.54,
    0.64,
    0.78,
    0.56,
    0.64,
    0.78,
    0.56,
    0.64,
    0.78,
    0.56,
    0.6,
    0.82,
    0.56,
    0.64,
    0.78,
    0.56,
    0.62,
    0.78,
    0.56,
    0.64,
    0.78,
    0.54,
    0.66,
    0.78,
    0.54,
    0.64,
    0.8,
    0.54,
    0.62,
    0.78,
    0.56,
    0.64,
    0.8,
    0.56,
    0.6,
    0.78,
    0.56,
    0.64,
    0.78,
    0.56,
    0.64,
    0.78,
    0.56,
    0.62,
    0.8,
    0.56,
    0.62,
    0.78,
    0.56,
    0.64,
    0.78,
    0.54
  ],
  "step_opp_profits": [
    72.0,
    72.0,
    24.0,
    67.0,
    50.0,
    33.0,
    72.0,
    54.0,
    33.0,
    72.0,
    61.0,
    34.0,
    69.0,
    60.0,
    37.0,
    70.0,
    61.0,
    37.0,
    70.0,
    53.0,
    35.0,
    68.0,
    65.0,
    34.0,
    70.0,
    60.0,
    33.0,
    69.0,
    56.0,
    36.0,
    69.0,
    61.0,
    37.0,
    70.0,
    61.0,
    29.0,
    68.0,
    56.0,
    37.0,
    74.0,
    58.0,
    37.0,
    73.0,
    54.0,
    32.0,
    71.0,
    65.0,
    31.0,
    73.0,
    57.0,
    38.0,
    70.0,
    57.0,
    36.0,
    69.0,
    57.0,
    36.0,
    69.0,
    65.0,
    30.0,
    69.0,
    56.0,
    37.0,
    70.0,
    61.0,
    37.0,
    70.0,
    57.0,
    36.0,
    73.0,
    54.0,
    36.0,
    72.0,
    58.0,
    33.0,
    72.0,
    61.0,
    38.0,
    70.0,
    57.0,
    32.0,
    68.0,
    64.0,
    38.0,
    71.0,
    57.0,
    36.0,
    69.0,
    57.0,
    36.0,
    69.0,
    61.0,
    33.0,
    69.0,
    60.0,
    37.0,
    70.0,
    57.0,
    36.0,
    73.0
  ],
  "step_opp_uniform_prices": [
    3.5,
    3.5,
    3.5,
    3.5,
    3.5,
    3.5,
    3.5,
    3.5,
    3.5,
    3.5,
    3.5,
    3.5,
    3.5,
    3.5,
    3.5,
    3.5,
    3.5,
    3.5,
    3.5,
    3.5,
    3.5,
    3.5,
    3.5,
    3.5,
    3.5,
    3.5,
    3.5,
    3.5,
    3.5,
    3.5,
    3.5,
    3.5,
    3.5,
    3.5,
    3.5,
    3.5,
    3.5,
    3.5,
    3.5,
    3.5,
    3.5,
    3.5,
    3.5,
    3.5,
    3.5,
    3.5,
    3.5,
    3.5,
    3.5,
    3.5,
    3.5,
    3.5,
    3.5,
    3.5,
    3.5,
    3.5,
    3.5,
    3.5,
    3.5,
    3.5,
    3.5,
    3.5,
    3.5,
    3.5,
    3.5,
    3.5,
    3.5,
    3.5,
    3.5,
    3.5,
    3.5,
    3.5,
    3.5,
    3.5,
    3.5,
    3.5,
    3.5,
    3.5,
    3.5,
    3.5,
    3.5,
    3.5,
    3.5,
    3.5,
    3.5,
    3.5,
    3.5,
    3.5,
    3.5,
    3.5,
    3.5,
    3.5,
    3.5,
    3.5,
    3.5,
    3.5,
    3.5,
    3.5,
    3.5,
    3.5
  ],