{
  "step_profits": [
    0.0,
    26.89246140420437,
    60.301073752343655,
    19.41755911707878,
    26.067194372415543,
    58.58451530337334,
    18.152484476566315,
    26.12804940342903,
    60.307082533836365,
    17.968128204345703,
    25.723511397838593,
    61.08568060398102,
    19.282634615898132,
    25.522885248064995,
    57.6208858191967,
    19.653425067663193,
    25.072020664811134,
    59.584296979010105,
    19.497896641492844,
    25.34610205888748,
    59.39585704356432,
    19.503731921315193,
    25.22499656677246,
    57.686103999614716,
    21.173261016607285,
    24.951862394809723,
    59.54065106809139,
    19.486372530460358,
    25.29898127913475,
    59.279528968036175,
    19.52217224240303,
    25.26782715320587,
    57.71556913852692,
    19.66706222295761,
    25.205640003085136,
    59.500288516283035,
    21.000753939151764,
    25.121954008936882,
    57.66162267327309,
    19.655435249209404,
    25.041713312268257,
    59.464793503284454,
    19.509012788534164,
    25.37297350168228,
    61.06125828623772,
    19.29628223180771,
    25.526492953300476,
    57.48820833861828,
    21.186871349811554,
    24.893448173999786,
    56.195195473730564,
    19.98776724934578,
    25.078130200505257,
    61.25421077013016,
    19.30717347562313,
    25.472044110298157,
    57.43272067606449,
    19.670786201953888,
    25.031856194138527,
    61.24213117361069,
    20.755120187997818,
    25.367986738681793,
    55.868388153612614,
    19.9590981900692,
    24.813214987516403,
    59.6452796831727,
    19.501707792282104,
    25.452116772532463,
    59.31503102183342,
    19.517299339175224,
    25.238835960626602,
    59.310257360339165,
    20.980159133672714,
    25.102644383907318,
    59.423884116113186,
    19.49230021238327,
    25.251325398683548,
    55.97304359078407,
    20.01125133037567,
    25.04616403579712,
    61.30214050412178,
    19.296890690922737,
    25.527634501457214,
    57.40865656733513,
    21.18963697552681,
    24.749822452664375,
    57.88766798377037,
    19.64089325070381,
    25.240986689925194,
    62.82504503428936,
    19.064466282725334,
    25.761173099279404,
    55.639710657298565,
    19.94765079021454,
    24.88758647441864,
    59.658936485648155,
    21.002224057912827,
    25.304804489016533,
    57.626959413290024,
    19.671307489275932
  ],
  "step_prices": [
    3.1446894705295563,
    1.920890100300312,
    1.722887821495533,
    1.4936583936214447,
    1.8619424551725388,
    1.6738432943820953,
    1.5127070397138596,
    1.8662892431020737,
    1.6751967370510101,
    1.4973440170288086,
    1.8373936712741852,
    1.696824461221695,
    1.4832795858383179,
    1.8230632320046425,
    1.6947319358587265,
    1.511801928281784,
    1.790858618915081,
    1.7024084851145744,
    1.4998382031917572,
    1.8104358613491058,
    1.6970244869589806,
    1.5002870708703995,
    1.8017854690551758,
    1.696650117635727,
    1.5123757869005203,
    1.7822758853435516,
    1.7011614590883255,
    1.4989517331123352,
    1.8070700913667679,
    1.6937008276581764,
    1.5017055571079254,
    1.8048447966575623,
    1.6975167393684387,
    1.5128509402275085,
    1.800402857363224,
    1.7000082433223724,
    1.5000538527965546,
    1.7944252863526344,
    1.695930078625679,
    1.5119565576314926,
    1.7886938080191612,
    1.6989941000938416,
    1.500693291425705,
    1.812355250120163,
    1.6961460635066032,
    1.4843294024467468,
    1.8233209252357483,
    1.6908296570181847,
    1.5133479535579681,
    1.7781034409999847,
    1.7028847113251686,
    1.537520557641983,
    1.791295014321804,
    1.7015058547258377,
    1.4851671904325485,
    1.819431722164154,
    1.6891976669430733,
    1.513137400150299,
    1.787989728152752,
    1.7011703103780746,
    1.482508584856987,
    1.8119990527629852,
    1.6929814592003822,
    1.5353152453899384,
    1.7723724991083145,
    1.7041508480906487,
    1.500131368637085,
    1.818008340895176,
    1.6947151720523834,
    1.5013307183980942,
    1.8027739971876144,
    1.6945787817239761,
    1.4985827952623367,
    1.7930460274219513,
    1.6978252604603767,
    1.499407708644867,
    1.8036660999059677,
    1.6961528360843658,
    1.5393270254135132,
    1.7890117168426514,
    1.702837236225605,
    1.4843762069940567,
    1.823402464389801,
    1.6884898990392685,
    1.513545498251915,
    1.7678444609045982,
    1.7025784701108932,
    1.5108379423618317,
    1.8029276207089424,
    1.6979741901159286,
    1.4664974063634872,
    1.8400837928056717,
    1.6860518380999565,
    1.5344346761703491,
    1.77768474817276,
    1.7045410424470901,
    1.5001588612794876,
    1.8074860349297523,
    1.6949105709791183,
    1.5131774991750717
  ],
  "step_market_shares": [
    0.0,
    0.28,
    0.7,
    0.26,
    0.28,
    0.7,
    0.24,
    0.28,
    0.72,
    0.24,
    0.28,
    0.72,
    0.26,
    0.28,
    0.68,
    0.26,
    0.28,
    0.7,
    0.26,
    0.28,
    0.7,
    0.26,
    0.28,
    0.68,
    0.28,
    0.28,
    0.7,
    0.26,
    0.28,
    0.7,
    0.26,
    0.28,
    0.68,
    0.26,
    0.28,
    0.7,
    0.28,
    0.28,
    0.68,
    0.26,
    0.28,
    0.7,
    0.26,
    0.28,
    0.72,
    0.26,
    0.28,
    0.68,
    0.28,
    0.28,
    0.66,
    0.26,
    0.28,
    0.72,
    0.26,
    0.28,
    0.68,
    0.26,
    0.28,
    0.72,
    0.28,
    0.28,
    0.66,
    0.26,
    0.28,
    0.7,
    0.26,
    0.28,
    0.7,
    0.26,
    0.28,
    0.7,
    0.28,
    0.28,
    0.7,
    0.26,
    0.28,
    0.66,
    0.26,
    0.28,
    0.72,
    0.26,
    0.28,
    0.68,
    0.28,
    0.28,
    0.68,
    0.26,
    0.28,
    0.74,
    0.26,
    0.28,
    0.66,
    0.26,
    0.28,
    0.7,
    0.28,
    0.28,
    0.68,
    0.26
  ],
  "step_opp_profits": [
    50.0,
    36.0,
    27.0,
    46.0,
    45.0,
    23.0,
    46.0,
    44.0,
    21.0,
    45.0,
    43.0,
    21.0,
    43.0,
    42.0,
    24.0,
    45.0,
    44.0,
    22.0,
    44.0,
    43.0,
    22.0,
    44.0,
    43.0,
    24.0,
    43.0,
    43.0,
    21.0,
    44.0,
    43.0,
    22.0,
    44.0,
    43.0,
    24.0,
    45.0,
    44.0,
    22.0,
    42.0,
    42.0,
    23.0,
    45.0,
    44.0,
    22.0,
    44.0,
    43.0,
    20.0,
    43.0,
    42.0,
    24.0,
    43.0,
    43.0,
    25.0,
    46.0,
    45.0,
    20.0,
    43.0,
    42.0,
    24.0,
    45.0,
    44.0,
    20.0,
    41.0,
    41.0,
    25.0,
    46.0,
    45.0,
    22.0,
    44.0,
    43.0,
    22.0,
    44.0,
    43.0,
    22.0,
    42.0,
    42.0,
    21.0,
    44.0,
    43.0,
    26.0,
    46.0,
    45.0,
    20.0,
    43.0,
    42.0,
    24.0,
    43.0,
    43.0,
    23.0,
    45.0,
    44.0,
    18.0,
    42.0,
    41.0,
    26.0,
    46.0,
    45.0,
    22.0,
    42.0,
    42.0,
    23.0,
    45.0
  ],
  "step_opp_uniform_prices": [
    1.5,
    1.5,
    1.5,
    1.5,
    1.5,
    1.5,
    1.5,
    1.5,
    1.5,
    1.5,
    1.5,
    1.5,
    1.5,
    1.5,
    1.5,
    1.5,
    1.5,
    1.5,
    1.5,
    1.5,
    1.5,
    1.5,
    1.5,
    1.5,
    1.5,
    1.5,
    1.5,
    1.5,
    1.5,
    1.5,
    1.5,
    1.5,
    1.5,
    1.5,
    1.5,
    1.5,
    1.5,
    1.5,
    1.5,
    1.5,
    1.5,
    1.5,
    1.5,
    1.5,
    1.5,
    1.5,
    1.5,
    1.5,
    1.5,
    1.5,
    1.5,
    1.5,
    1.5,
    1.5,
    1.5,
    1.5,
    1.5,
    1.5,
    1.5,
    1.5,
    1.5,
    1.5,
    1.5,
    1.5,
    1.5,
    1.5,
    1.5,
    1.5,
    1.5,
    1.5,
    1.5,
    1.5,
    1.5,
    1.5,
    1.5,
    1.5,
    1.5,
    1.5,
    1.5,
    1.5,
    1.5,
    1.5,
    1.5,
    1.5,
    1.5,
    1.5,
    1.5,
    1.5,
    1.5,
    1.5,
    1.5,
    1.5,
    1.5,
    1.5,
    1.5,
    1.5,
    1.5,
    1.5,
    1.5,
    1.5
  ],