{
  "step_profits": [
    0.0,
    85.06548535823822,
    52.11786941438913,
    65.37625254690647,
    73.2515561580658,
    64.28328888118267,
    51.03549621254206,
    81.72257108613849,
    53.08626276254654,
    55.779859095811844,
    79.89847899228334,
    55.613402742892504,
    61.761939492076635,
    73.01478362083435,
    55.513019394129515,
    57.98557689413428,
    82.6624555438757,
    56.41422036290169,
    56.88461642712355,
    76.12744805216789,
    53.47700375318527,
    59.700893342494965,
    82.75665418803692,
    54.068645648658276,
    59.0353088080883,
    75.43614572659135,
    55.587456561625004,
    57.56871718913317,
    77.99267567694187,
    53.35573223233223,
    62.073524102568626,
    75.58563626557589,
    55.5386227555573,
    62.166070975363255,
    75.12026864290237,
    55.33754760399461,
    57.53882983699441,
    80.3981839492917,
    59.27368835359812,
    54.32738900184631,
    79.10899725556374,
    55.57197602465749,
    57.15079717338085,
    80.4726673848927,
    57.15590412914753,
    59.282446943223476,
    72.94385957717896,
    55.7342697866261,
    58.015245478600264,
    84.80850941315293,
    55.82625010609627,
    56.67999153956771,
    76.23536297678947,
    55.67856365814805,
    57.5824442319572,
    78.03653368353844,
    60.05203838646412,
    58.88428280502558,
    77.48956595361233,
    57.76178993284702,
    59.370872266590595,
    75.42833003774285,
    55.65590485930443,
    62.18478149548173,
    77.47943189740181,
    57.740737944841385,
    59.878166772425175,
    79.6077404730022,
    54.93149720132351,
    59.2874401435256,
    77.64674299955368,
    57.74077978730202,
    52.906579941511154,
    86.3727898709476,
    56.714276134967804,
    59.016059532761574,
    77.59950507432222,
    57.740567959845066,
    59.32482463866472,
    77.5108942091465,
    57.795197650790215,
    55.151527762413025,
    85.77398137748241,
    58.20602184534073,
    56.18418017402291,
    74.10727202892303,
    58.08442145586014,
    60.0520753711462,
    77.39049956947565,
    55.68344863131642,
    64.48160736262798,
    74.62203507497907,
    57.56638215482235,
    59.79093395918608,
    79.7201937623322,
    54.91267144680023,
    57.54024721682072,
    82.64272360503674,
    58.5859407261014,
    56.43315790221095
  ],
  "step_prices": [
    3.1446894705295563,
    2.3629301488399506,
    2.4818033054471016,
    2.334866162389517,
    2.289111129939556,
    2.216665133833885,
    2.218934617936611,
    2.3349306024610996,
    2.211927615106106,
    2.324160795658827,
    2.349955264478922,
    2.2245361097157,
    2.287479240447283,
    2.2817119881510735,
    2.2205207757651806,
    2.3194230757653713,
    2.2961793206632137,
    2.1697777062654495,
    2.275384657084942,
    2.306892365217209,
    2.228208489716053,
    2.2961882054805756,
    2.298795949667692,
    2.162745825946331,
    2.2705888003110886,
    2.2859438098967075,
    2.223498262465,
    2.3027486875653267,
    2.293902225792408,
    2.2231555096805096,
    2.2990194112062454,
    2.2904738262295723,
    2.221544910222292,
    2.302447073161602,
    2.2763717770576477,
    2.2135019041597843,
    2.3015531934797764,
    2.297090969979763,
    2.1953217908740044,
    2.263641208410263,
    2.3267352133989334,
    2.2228790409862995,
    2.286031886935234,
    2.2992190681397915,
    2.1983040049672127,
    2.280094113200903,
    2.2794956117868423,
    2.229370791465044,
    2.3206098191440105,
    2.2921218760311604,
    2.147163465619087,
    2.2671996615827084,
    2.310162514448166,
    2.227142546325922,
    2.303297769278288,
    2.295192167162895,
    2.2241495698690414,
    2.264780107885599,
    2.279104880988598,
    2.221607305109501,
    2.2834950871765614,
    2.2857069708406925,
    2.226236194372177,
    2.303140055388212,
    2.278806820511818,
    2.22079761326313,
    2.303006414324045,
    2.2745068706572056,
    2.1972598880529404,
    2.2802861593663692,
    2.2837277352809906,
    2.220799222588539,
    2.3002860844135284,
    2.334399726241827,
    2.181318312883377,
    2.269848443567753,
    2.282338384538889,
    2.2207910753786564,
    2.281724024564028,
    2.279732182621956,
    2.222892217338085,
    2.297980323433876,
    2.31821571290493,
    2.1557785868644714,
    2.2473672069609165,
    2.315852250903845,
    2.2340162098407745,
    2.3096952065825462,
    2.2761911638081074,
    2.227337945252657,
    2.302914548665285,
    2.261273790150881,
    2.214091621339321,
    2.2996513061225414,
    2.27771982178092,
    2.1965068578720093,
    2.3016098886728287,
    2.2956312112510204,
    2.169849656522274,
    2.257326316088438
  ],
  "step_market_shares": [
    0.0,
    0.72,
    0.42,
    0.56,
    0.64,
    0.58,
    0.46,
    0.7,
    0.48,
    0.48,
    0.68,
    0.5,
    0.54,
    0.64,
    0.5,
    0.5,
    0.72,
    0.52,
    0.5,
    0.66,
    0.48,
    0.52,
    0.72,
    0.5,
    0.52,
    0.66,
    0.5,
    0.5,
    0.68,
    0.48,
    0.54,
    0.66,
    0.5,
    0.54,
    0.66,
    0.5,
    0.5,
    0.7,
    0.54,
    0.48,
    0.68,
    0.5,
    0.5,
    0.7,
    0.52,
    0.52,
    0.64,
    0.5,
    0.5,
    0.74,
    0.52,
    0.5,
    0.66,
    0.5,
    0.5,
    0.68,
    0.54,
    0.52,
    0.68,
    0.52,
    0.52,
    0.66,
    0.5,
    0.54,
    0.68,
    0.52,
    0.52,
    0.7,
    0.5,
    0.52,
    0.68,
    0.52,
    0.46,
    0.74,
    0.52,
    0.52,
    0.68,
    0.52,
    0.52,
    0.68,
    0.52,
    0.48,
    0.74,
    0.54,
    0.5,
    0.64,
    0.52,
    0.52,
    0.68,
    0.5,
    0.56,
    0.66,
    0.52,
    0.52,
    0.7,
    0.5,
    0.5,
    0.72,
    0.54,
    0.5
  ],
  "step_opp_profits": [
    100.0,
    28.0,
    67.0,
    48.0,
    43.0,
    46.0,
    61.0,
    34.0,
    59.0,
    58.0,
    39.0,
    56.0,
    50.0,
    42.0,
    56.0,
    58.0,
    32.0,
    51.0,
    53.0,
    40.0,
    60.0,
    55.0,
    32.0,
    53.0,
    51.0,
    40.0,
    56.0,
    57.0,
    38.0,
    59.0,
    51.0,
    40.0,
    55.0,
    51.0,
    39.0,
    55.0,
    57.0,
    35.0,
    49.0,
    56.0,
    37.0,
    57.0,
    56.0,
    35.0,
    52.0,
    51.0,
    42.0,
    58.0,
    59.0,
    30.0,
    51.0,
    53.0,
    40.0,
    57.0,
    57.0,
    38.0,
    50.0,
    52.0,
    37.0,
    54.0,
    53.0,
    40.0,
    57.0,
    52.0,
    37.0,
    52.0,
    53.0,
    34.0,
    55.0,
    54.0,
    39.0,
    54.0,
    61.0,
    30.0,
    52.0,
    51.0,
    38.0,
    54.0,
    53.0,
    37.0,
    53.0,
    59.0,
    30.0,
    49.0,
    53.0,
    44.0,
    57.0,
    54.0,
    36.0,
    55.0,
    49.0,
    40.0,
    53.0,
    54.0,
    34.0,
    55.0,
    57.0,
    34.0,
    50.0,
    54.0
  ],
  "step_opp_uniform_prices": [
    2.5,
    2.5,
    2.5,
    2.5,
    2.5,
    2.5,
    2.5,
    2.5,
    2.5,
    2.5,
    2.5,
    2.5,
    2.5,
    2.5,
    2.5,
    2.5,
    2.5,
    2.5,
    2.5,
    2.5,
    2.5,
    2.5,
    2.5,
    2.5,
    2.5,
    2.5,
    2.5,
    2.5,
    2.5,
    2.5,
    2.5,
    2.5,
    2.5,
    2.5,
    2.5,
    2.5,
    2.5,
    2.5,
    2.5,
    2.5,
    2.5,
    2.5,
    2.5,
    2.5,
    2.5,
    2.5,
    2.5,
    2.5,
    2.5,
    2.5,
    2.5,
    2.5,
    2.5,
    2.5,
    2.5,
    2.5,
    2.5,
    2.5,
    2.5,
    2.5,
    2.5,
    2.5,
    2.5,
    2.5,
    2.5,
    2.5,
    2.5,
    2.5,
    2.5,
    2.5,
    2.5,
    2.5,
    2.5,
    2.5,
    2.5,
    2.5,
    2.5,
    2.5,
    2.5,
    2.5,
    2.5,
    2.5,
    2.5,
    2.5,
    2.5,
    2.5,
    2.5,
    2.5,
    2.5,
    2.5,
    2.5,
    2.5,
    2.5,
    2.5,
    2.5,
    2.5,
    2.5,
    2.5,
    2.5,
    2.5
  ],