{
  "step_profits": [
    0.0,
    52.69792787730694,
    59.78651061654091,
    36.88631430268288,
    47.52553331851959,
    61.23384141921997,
    32.16095946729183,
    54.49026046693325,
    60.139620304107666,
    31.748796343803406,
    55.312873750925064,
    60.313202142715454,
    35.2965971827507,
    53.79670840501785,
    60.65163040161133,
    33.6602857708931,
    52.1901960670948,
    61.16692566871643,
    35.459126979112625,
    55.74576082825661,
    58.40188813209534,
    35.48541530966759,
    51.80763916671276,
    60.962322473526,
    33.66755422204733,
    60.051362961530685,
    57.27982850372791,
    35.231202244758606,
    51.83082860708237,
    59.05262268334627,
    37.509058490395546,
    56.731481321156025,
    57.73469641804695,
    33.54591054469347,
    56.19633063673973,
    58.362265802919865,
    33.739726565778255,
    56.11234799027443,
    62.184500344097614,
    33.2704024836421,
    54.13034389168024,
    58.89842174947262,
    37.45730862021446,
    56.92059576511383,
    57.77251026779413,
    33.62263761460781,
    56.17784431576729,
    60.258912086486816,
    33.49123726785183,
    58.0974063873291,
    57.88118325173855,
    35.39852246642113,
    51.77710463106632,
    61.043041944503784,
    33.69068203866482,
    58.02806578576565,
    57.913288958370686,
    33.5842874571681,
    52.18496052920818,
    59.29319825768471,
    35.741011053323746,
    61.65453816205263,
    56.58358471095562,
    35.13206243515015,
    49.862829595804214,
    63.21637927740812,
    33.46262339502573,
    55.94257462024689,
    60.34563112258911,
    33.445253007113934,
    54.23632098734379,
    58.990269638597965,
    37.464594438672066,
    54.93524473905563,
    58.260261327028275,
    31.901635587215424,
    54.63665858656168,
    60.86208939552307,
    35.338371247053146,
    55.73299351334572,
    60.26398682594299,
    33.5277209430933,
    54.23375914245844,
    58.87395530939102,
    37.40680356323719,
    54.923754155635834,
    58.25577962398529,
    33.680034808814526,
    58.15842992812395,
    61.56101991981268,
    33.12276565283537,
    56.271355509757996,
    60.2305428981781,
    33.52452817559242,
    54.078927755355835,
    60.89832282066345,
    33.62391421198845,
    56.054213523864746,
    58.507470071315765,
    33.71070881932974
  ],
  "step_prices": [
    3.1446894705295563,
    2.1079171150922775,
    2.0616038143634796,
    1.8443157151341438,
    1.9802305549383163,
    1.913557544350624,
    1.7867199704051018,
    2.018157795071602,
    1.8793631345033646,
    1.7638220191001892,
    1.9754597768187523,
    1.884787566959858,
    1.764829859137535,
    1.9924706816673279,
    1.895363450050354,
    1.771593987941742,
    2.0073152333498,
    1.9114664271473885,
    1.7729563489556313,
    1.990920029580593,
    1.8839318752288818,
    1.7742707654833794,
    1.9926015064120293,
    1.9050725772976875,
    1.771976538002491,
    2.0017120987176895,
    1.8477364033460617,
    1.7615601122379303,
    1.9934934079647064,
    1.9049233123660088,
    1.786145642399788,
    1.956257976591587,
    1.8624095618724823,
    1.7655742391943932,
    2.0070118084549904,
    1.8826537355780602,
    1.7757750824093819,
    2.0040124282240868,
    1.8843787983059883,
    1.7510738149285316,
    2.0048275515437126,
    1.899949088692665,
    1.7836813628673553,
    1.96277916431427,
    1.86362936347723,
    1.76961250603199,
    2.0063515827059746,
    1.883091002702713,
    1.762696698307991,
    2.003358840942383,
    1.8671349436044693,
    1.7699261233210564,
    1.9914271011948586,
    1.9075950607657433,
    1.7731937915086746,
    2.000967785716057,
    1.8681706115603447,
    1.767594076693058,
    2.007113866508007,
    1.9126838147640228,
    1.7870505526661873,
    1.9888560697436333,
    1.8252769261598587,
    1.7566031217575073,
    1.9945131838321686,
    1.9156478568911552,
    1.7611907050013542,
    1.997949093580246,
    1.8858009725809097,
    1.760276474058628,
    2.008752629160881,
    1.9029119238257408,
    1.7840283066034317,
    1.961973026394844,
    1.8793632686138153,
    1.7723130881786346,
    2.0235799476504326,
    1.901940293610096,
    1.7669185623526573,
    1.9904640540480614,
    1.8832495883107185,
    1.7646168917417526,
    2.008657746016979,
    1.899159848690033,
    1.781276360154152,
    1.9615626484155655,
    1.8792186975479126,
    1.7726334109902382,
    2.0054631009697914,
    1.8654854521155357,
    1.7433034554123878,
    2.0096912682056427,
    1.8822044655680656,
    1.7644488513469696,
    2.0029232501983643,
    1.9030725881457329,
    1.769679695367813,
    2.001936197280884,
    1.8873377442359924,
    1.774247832596302
  ],
  "step_market_shares": [
    0.0,
    0.5,
    0.58,
    0.4,
    0.48,
    0.64,
    0.36,
    0.54,
    0.64,
    0.36,
    0.56,
    0.64,
    0.4,
    0.54,
    0.64,
    0.38,
    0.52,
    0.64,
    0.4,
    0.56,
    0.62,
    0.4,
    0.52,
    0.64,
    0.38,
    0.6,
    0.62,
    0.4,
    0.52,
    0.62,
    0.42,
    0.58,
    0.62,
    0.38,
    0.56,
    0.62,
    0.38,
    0.56,
    0.66,
    0.38,
    0.54,
    0.62,
    0.42,
    0.58,
    0.62,
    0.38,
    0.56,
    0.64,
    0.38,
    0.58,
    0.62,
    0.4,
    0.52,
    0.64,
    0.38,
    0.58,
    0.62,
    0.38,
    0.52,
    0.62,
    0.4,
    0.62,
    0.62,
    0.4,
    0.5,
    0.66,
    0.38,
    0.56,
    0.64,
    0.38,
    0.54,
    0.62,
    0.42,
    0.56,
    0.62,
    0.36,
    0.54,
    0.64,
    0.4,
    0.56,
    0.64,
    0.38,
    0.54,
    0.62,
    0.42,
    0.56,
    0.62,
    0.38,
    0.58,
    0.66,
    0.38,
    0.56,
    0.64,
    0.38,
    0.54,
    0.64,
    0.38,
    0.56,
    0.62,
    0.38
  ],
  "step_opp_profits": [
    75.0,
    37.5,
    42.5,
    52.0,
    46.0,
    33.0,
    57.0,
    40.5,
    33.0,
    55.0,
    40.0,
    33.0,
    49.0,
    39.5,
    33.0,
    53.5,
    44.0,
    35.0,
    52.0,
    38.0,
    34.5,
    51.0,
    44.0,
    34.0,
    54.5,
    33.0,
    32.5,
    48.0,
    44.0,
    36.5,
    50.5,
    36.5,
    33.5,
    53.5,
    40.0,
    35.5,
    53.5,
    40.0,
    30.5,
    51.5,
    40.5,
    36.5,
    49.5,
    36.5,
    33.5,
    53.5,
    40.0,
    33.0,
    52.5,
    36.5,
    34.5,
    50.0,
    44.0,
    34.0,
    54.5,
    36.5,
    34.5,
    52.5,
    44.0,
    36.5,
    52.0,
    32.5,
    32.5,
    49.0,
    46.5,
    32.5,
    54.5,
    38.0,
    33.0,
    52.5,
    41.5,
    36.5,
    49.5,
    39.0,
    34.5,
    57.0,
    42.5,
    34.0,
    50.0,
    38.0,
    32.0,
    52.5,
    41.5,
    36.5,
    49.5,
    39.0,
    34.5,
    54.5,
    37.5,
    29.5,
    50.5,
    38.0,
    33.0,
    52.5,
    41.5,
    34.0,
    53.5,
    39.0,
    35.5,
    53.5
  ],
  "step_opp_uniform_prices": [
    2.0,
    2.0,
    2.0,
    2.0,
    2.0,
    2.0,
    2.0,
    2.0,
    2.0,
    2.0,
    2.0,
    2.0,
    2.0,
    2.0,
    2.0,
    2.0,
    2.0,
    2.0,
    2.0,
    2.0,
    2.0,
    2.0,
    2.0,
    2.0,
    2.0,
    2.0,
    2.0,
    2.0,
    2.0,
    2.0,
    2.0,
    2.0,
    2.0,
    2.0,
    2.0,
    2.0,
    2.0,
    2.0,
    2.0,
    2.0,
    2.0,
    2.0,
    2.0,
    2.0,
    2.0,
    2.0,
    2.0,
    2.0,
    2.0,
    2.0,
    2.0,
    2.0,
    2.0,
    2.0,
    2.0,
    2.0,
    2.0,
    2.0,
    2.0,
    2.0,
    2.0,
    2.0,
    2.0,
    2.0,
    2.0,
    2.0,
    2.0,
    2.0,
    2.0,
    2.0,
    2.0,
    2.0,
    2.0,
    2.0,
    2.0,
    2.0,
    2.0,
    2.0,
    2.0,
    2.0,
    2.0,
    2.0,
    2.0,
    2.0,
    2.0,
    2.0,
    2.0,
    2.0,
    2.0,
    2.0,
    2.0,
    2.0,
    2.0,
    2.0,
    2.0,
    2.0,
    2.0,
    2.0,
    2.0,
    2.0
  ],