{
  "step_profits": [
    31.446894705295563,
    84.37071669381112,
    87.48003635555506,
    71.07595676300116,
    87.5111792087555,
    84.20032605994493,
    67.33721639029682,
    86.97857014834881,
    84.66836547292769,
    75.35568659938872,
    74.21728099323809,
    99.96274002548307,
    69.7998613435775,
    79.0678148821462,
    94.26254932815209,
    65.96673876047134,
    86.80250512063503,
    91.25735259708017,
    67.85654398612678,
    86.90201769024134,
    88.51182968169451,
    68.90007643029094,
    89.90839620516635,
    90.11888727918267,
    68.14729809202254,
    84.2247886674013,
    89.23285615956411,
    69.1167641505599,
    94.88561687292531,
    85.83770678937435,
    63.98178946226835,
    92.2144785830751,
    90.27268412150443,
    65.73726572096348,
    83.6163615565747,
    91.9139402648434,
    68.33807334303856,
    86.34708896279335,
    90.19630423001945,
    63.22941434383392,
    94.61006260244176,
    91.90413977950811,
    62.151896953582764,
    88.94772859476507,
    91.11735770665109,
    65.82443772349507,
    83.71857117535546,
    93.88138027861714,
    65.25226072408259,
    88.91678642202169,
    93.01794132217765,
    67.69463044404984,
    79.0345125477761,
    90.6987875525665,
    72.28107193484902,
    85.30924119666452,
    90.63118690438569,
    67.95276595465839,
    87.08943805098534,
    91.33631445001811,
    70.78413527458906,
    82.51000799238682,
    90.06406280072406,
    69.06568888947368,
    92.28250329289585,
    86.7792331399396,
    63.94926419109106,
    94.91955176228657,
    89.33417761139572,
    62.98839010298252,
    91.93674588110298,
    87.63340113312006,
    66.79404915776104,
    91.86344809923321,
    87.09708323143423,
    64.25029434263706,
    94.99331234255806,
    89.24964316748083,
    63.15519627928734,
    91.92858391907066,
    87.58453011978418,
    66.89225698355585,
    86.51782390475273,
    93.60933613963425,
    65.37857935763896,
    86.17453387379646,
    93.78824195358902,
    67.91921483911574,
    78.89846555050462,
    93.23719839495607,
    68.71407557837665,
    84.26265851245262,
    93.41879775281996,
    64.84406748786569,
    89.04205277888104,
    90.57703211531043,
    70.73927945271134,
    79.96262877841946,
    93.68224738223944,
    68.65651974827051
  ],
  "step_prices": [
    3.1446894705295563,
    2.8123572231270373,
    2.9160012118518353,
    2.733690644730814,
    2.734724350273609,
    2.716139550320804,
    2.6934886556118727,
    2.7180803171359003,
    2.731237595900893,
    2.69127452140674,
    2.8545108074322343,
    2.776742778485641,
    2.58518004976213,
    2.7264763752464205,
    2.772427921416238,
    2.6386695504188538,
    2.7125782850198448,
    2.684039782267064,
    2.6098670763894916,
    2.7156880528200418,
    2.6821766570210457,
    2.6500029396265745,
    2.7244968547020108,
    2.650555508211255,
    2.6210499266162515,
    2.7169286666903645,
    2.7040259442292154,
    2.6583370827138424,
    2.711017624940723,
    2.601142629981041,
    2.6659078942611814,
    2.7121905465610325,
    2.65507894475013,
    2.629490628838539,
    2.697301985695958,
    2.7033511842601,
    2.628387436270714,
    2.698346530087292,
    2.6528324773535132,
    2.63455893099308,
    2.7031446457840502,
    2.6258325651288033,
    2.5896623730659485,
    2.695385714992881,
    2.679922285489738,
    2.6329775089398026,
    2.700599070172757,
    2.6823251508176327,
    2.6100904289633036,
    2.6944480733945966,
    2.657655466347933,
    2.603639632463455,
    2.725328018888831,
    2.7484481076535303,
    2.6770767383277416,
    2.7519110063440166,
    2.665623144246638,
    2.613567921333015,
    2.7215449390932918,
    2.686362189706415,
    2.621634639799595,
    2.7503335997462273,
    2.7292140242643654,
    2.6563726495951414,
    2.7141912733204663,
    2.6296737315133214,
    2.664552674628794,
    2.711987193208188,
    2.627475812099874,
    2.6245162542909384,
    2.7040219376794994,
    2.6555576100945473,
    2.6717619663104415,
    2.7018661205656826,
    2.639305552467704,
    2.6770955976098776,
    2.7140946383588016,
    2.6249895049259067,
    2.6314665116369724,
    2.7037818799726665,
    2.65407667029649,
    2.675690279342234,
    2.703681997023523,
    2.674552461132407,
    2.615143174305558,
    2.6929541835561395,
    2.679664055816829,
    2.612277493812144,
    2.720636743120849,
    2.7422705410281196,
    2.6428490607067943,
    2.7181502745952457,
    2.6691085072234273,
    2.5937626995146275,
    2.698244023602456,
    2.6640303563326597,
    2.619973313063383,
    2.7573320268420503,
    2.7553602171246894,
    2.640635374933481
  ],
  "step_market_shares": [
    0.2,
    0.6,
    0.6,
    0.52,
    0.64,
    0.62,
    0.5,
    0.64,
    0.62,
    0.56,
    0.52,
    0.72,
    0.54,
    0.58,
    0.68,
    0.5,
    0.64,
    0.68,
    0.52,
    0.64,
    0.66,
    0.52,
    0.66,
    0.68,
    0.52,
    0.62,
    0.66,
    0.52,
    0.7,
    0.66,
    0.48,
    0.68,
    0.68,
    0.5,
    0.62,
    0.68,
    0.52,
    0.64,
    0.68,
    0.48,
    0.7,
    0.7,
    0.48,
    0.66,
    0.68,
    0.5,
    0.62,
    0.7,
    0.5,
    0.66,
    0.7,
    0.52,
    0.58,
    0.66,
    0.54,
    0.62,
    0.68,
    0.52,
    0.64,
    0.68,
    0.54,
    0.6,
    0.66,
    0.52,
    0.68,
    0.66,
    0.48,
    0.7,
    0.68,
    0.48,
    0.68,
    0.66,
    0.5,
    0.68,
    0.66,
    0.48,
    0.7,
    0.68,
    0.48,
    0.68,
    0.66,
    0.5,
    0.64,
    0.7,
    0.5,
    0.64,
    0.7,
    0.52,
    0.58,
    0.68,
    0.52,
    0.62,
    0.7,
    0.5,
    0.66,
    0.68,
    0.54,
    0.58,
    0.68,
    0.52
  ],
  "step_opp_profits": [
    100.0,
    50.0,
    62.0,
    67.0,
    49.0,
    51.5,
    68.5,
    51.0,
    53.5,
    59.0,
    68.0,
    39.0,
    62.5,
    56.5,
    45.0,
    69.5,
    49.0,
    45.0,
    64.0,
    49.0,
    47.5,
    65.0,
    46.5,
    43.0,
    63.0,
    52.5,
    48.5,
    66.0,
    39.5,
    44.5,
    69.0,
    45.0,
    44.0,
    65.5,
    53.5,
    46.0,
    65.0,
    49.0,
    44.0,
    71.0,
    40.5,
    39.5,
    67.0,
    46.5,
    45.0,
    66.5,
    53.5,
    42.5,
    67.5,
    45.5,
    40.5,
    62.0,
    58.5,
    50.5,
    64.5,
    52.5,
    44.0,
    65.0,
    49.0,
    44.0,
    60.5,
    55.0,
    48.5,
    67.0,
    43.0,
    45.5,
    70.0,
    41.5,
    43.0,
    68.0,
    44.0,
    47.5,
    66.5,
    44.0,
    46.5,
    70.0,
    41.5,
    43.0,
    68.0,
    44.0,
    47.5,
    66.5,
    51.0,
    41.5,
    66.5,
    49.0,
    41.5,
    63.0,
    58.5,
    47.0,
    67.0,
    52.5,
    41.5,
    67.5,
    45.5,
    44.0,
    59.5,
    58.5,
    46.0,
    67.0
  ],
  "step_opp_uniform_prices": [
    3.0,
    3.0,
    3.0,
    3.0,
    3.0,
    3.0,
    3.0,
    3.0,
    3.0,
    3.0,
    3.0,
    3.0,
    3.0,
    3.0,
    3.0,
    3.0,
    3.0,
    3.0,
    3.0,
    3.0,
    3.0,
    3.0,
    3.0,
    3.0,
    3.0,
    3.0,
    3.0,
    3.0,
    3.0,
    3.0,
    3.0,
    3.0,
    3.0,
    3.0,
    3.0,
    3.0,
    3.0,
    3.0,
    3.0,
    3.0,
    3.0,
    3.0,
    3.0,
    3.0,
    3.0,
    3.0,
    3.0,
    3.0,
    3.0,
    3.0,
    3.0,
    3.0,
    3.0,
    3.0,
    3.0,
    3.0,
    3.0,
    3.0,
    3.0,
    3.0,
    3.0,
    3.0,
    3.0,
    3.0,
    3.0,
    3.0,
    3.0,
    3.0,
    3.0,
    3.0,
    3.0,
    3.0,
    3.0,
    3.0,
    3.0,
    3.0,
    3.0,
    3.0,
    3.0,
    3.0,
    3.0,
    3.0,
    3.0,
    3.0,
    3.0,
    3.0,
    3.0,
    3.0,
    3.0,
    3.0,
    3.0,
    3.0,
    3.0,
    3.0,
    3.0,
    3.0,
    3.0,
    3.0,
    3.0,
    3.0
  ],