{
  "episode_rewards": [
    14.282203007103961,
    -1.3958915816093775,
    12.494339034637626,
    -6.050881920922344,
    12.487347209059806,
    9.30477170699461,
    6.80536920946684,
    14.752018131657278,
    16.46870638019188,
    9.902918237081078,
    17.67917563513014,
    21.892189861392055,
    12.477059677052834,
    13.39954259045449,
    17.442034685315868,
    13.183451479834414,
    17.341987314971004,
    6.485091283859987,
    11.230389507180922,
    6.118805413131517,
    15.178284586349363,
    7.850955233245048,
    13.407608491783659,
    10.907132424811682,
    9.561017445570837,
    5.4971456175665825,
    14.334644091717593,
    10.422062241889726,
    7.881498724744209,
    4.439124467569425,
    17.79798082885029,
    18.11576842790059,
    2.4537065103508677,
    1.2958247660120605,
    9.132795346144267,
    12.061578295531119,
    10.156583530625513,
    2.580013950166,
    3.293692327662348,
    8.535926192667677,
    6.086936866468256,
    9.741758784259375,
    16.20521195193704,
    0.30107185667746483,
    7.396963527385986,
    5.4090522477580985,
    5.749641872191804,
    7.952414476414595,
    7.508062639016396,
    6.075909272135822,
    5.4247745771872715,
    6.8431716072139,
    6.1668640005548765,
    9.004852451466396,
    5.427090972398919,
    6.868091518637263,
    2.8868031352271997,
    11.2657794321887,
    5.247025073936473,
    8.624374503939228,
    11.835174491358401,
    11.635876397976467,
    12.301363901482407,
    6.02174876680637,
    5.699806443701633,
    3.1569216400903115,
    7.221742544983828,
    4.0999700306294935,
    4.464475847751192,
    3.4779989128350977,
    8.110857162783676,
    7.467469481638511,
    9.726735177071658,
    8.192076766217982,
    8.556131947181036,
    4.2445608341489205,
    8.50342060092527,
    6.709025329302154,
    7.63216536444192,
    7.45100272414726,
    5.82056014776706,
    9.918164125089111,
    5.322363659026198,
    4.853337265347663,
    6.872031253075728,
    8.143190190923864,
    5.103016733707627,
    8.489231768459877,
    9.055045972512307,
    10.56557680694073,
    8.24434902762846,
    5.522344604482186,
    9.612819999792777,
    7.1842307085713255,
    7.138168336069998,
    7.538539954725308,
    6.050840263781524,
    6.506165573908592,
    7.695596115471956,
    10.372088871262106
  ],
  "episode_profits": [
    17936.757867533714,
    20548.81962507218,
    22020.968673221767,
    21865.775259517133,
    22605.571408182383,
    22677.94994878024,
    22543.597610756755,
    22609.659274861217,
    22235.933345749974,
    22282.91934824828,
    22421.328262816183,
    22252.713616155088,
    23276.870508346707,
    22607.56305673998,
    22325.405903056264,
    23037.43793490529,
    22923.002909958363,
    23698.467732741963,
    23477.175574555993,
    23462.580208092928,
    23515.081383019686,
    23789.91050416231,
    23510.123444393277,
    23654.80977847427,
    23180.17567566037,
    23786.128566794097,
    23787.761927187443,
    23823.430845931172,
    23658.930944517255,
    23883.08942991495,
    23621.32883013226,
    24013.590944960713,
    23895.591689392924,
    24205.156194597483,
    24298.5690510571,
    24188.8942168355,
    24347.34662553668,
    24572.34513643384,
    24177.551139950752,
    24175.216702129692,
    24268.045977852773,
    24375.995352983475,
    24056.95245540142,
    24144.80344288051,
    24319.875171750784,
    24480.988798752427,
    24357.18390841782,
    24282.18619143963,
    24100.020128890872,
    24455.442564181983,
    24704.5761911124,
    24228.44814912975,
    24441.56617383659,
    24413.7076600641,
    24554.477747932076,
    24562.3643579185,
    24471.646745353937,
    24294.74949736893,
    24599.57963295281,
    24504.00057729776,
    24653.278678804636,
    24426.304260730743,
    24485.592002511024,
    24606.882906615734,
    24406.189021337777,
    24475.365961045027,
    24588.66520612687,
    24796.029926389456,
    24392.54397916794,
    24485.06954230368,
    24554.033580437303,
    24709.804062485695,
    24628.92105025798,
    24595.000322021544,
    24549.542795836926,
    24447.331295862794,
    24607.105434700847,
    24675.51913931966,
    24531.47499281168,
    24594.062180027366,
    24367.556246995926,
    24656.504190132022,
    24620.99998344481,
    24724.11950418353,
    24497.941006347537,
    24565.387028366327,
    24685.157398566604,
    24689.707246035337,
    24649.174764335155,
    24694.050854168832,
    24691.427085071802,
    24833.926010638475,
    24668.889085995033,
    24806.17646203935,
    24683.71270918846,
    24607.209971785545,
    24718.582177489996,
    24541.425232976675,
    24825.536133900285,
    24717.65224581957
  ],
  "episode_opponent_profits": [
    3996.0,
    7556.0,
    8316.0,
    8208.0,
    8196.0,
    9136.0,
    7296.0,
    6968.0,
    7212.0,
    6728.0,
    8452.0,
    7312.0,
    8692.0,
    8136.0,
    6812.0,
    8104.0,
    9252.0,
    10312.0,
    8068.0,
    9532.0,
    9600.0,
    9148.0,
    8464.0,
    8404.0,
    7980.0,
    8688.0,
    9672.0,
    8984.0,
    9884.0,
    9968.0,
    8360.0,
    8456.0,
    9960.0,
    9560.0,
    9484.0,
    9612.0,
    9144.0,
    9388.0,
    8416.0,
    9132.0,
    9440.0,
    8228.0,
    8324.0,
    10192.0,
    10336.0,
    9420.0,
    10608.0,
    10192.0,
    10264.0,
    8588.0,
    8988.0,
    10064.0,
    9476.0,
    9020.0,
    8920.0,
    9436.0,
    9600.0,
    9800.0,
    9860.0,
    9096.0,
    8560.0,
    9356.0,
    8520.0,
    9780.0,
    9884.0,
    9308.0,
    9564.0,
    9728.0,
    9192.0,
    9576.0,
    9260.0,
    9288.0,
    9440.0,
    9296.0,
    9008.0,
    10096.0,
    9624.0,
    9508.0,
    9836.0,
    9948.0,
    9004.0,
    8944.0,
    9540.0,
    9972.0,
    9356.0,
    9824.0,
    10176.0,
    10200.0,
    9464.0,
    9764.0,
    9564.0,
    9316.0,
    9488.0,
    8640.0,
    9308.0,
    9264.0,
    9548.0,
    10444.0,
    9068.0,
    8776.0
  ],